{
  "ingestion_started": "2025-09-26T01:36:59.120019",
  "ingestion_completed": "2025-09-26T01:43:19.818609",
  "config_path": "config/sources.yaml",
  "dry_run": false,
  "totals": {
    "db_pages_inserted": 0,
    "db_chunks_inserted": 0
  },
  "sources": [
    {
      "name": "Financial Times (Asia)",
      "url": "https://www.ft.com/stream/sectionsId/ZWY0NzFhNjItYmM4NC00OTljLThlNjYtYmU2MzU3NzhmNGZl-T21uaUd1SWR0ZW1z",
      "section": "news_analysis",
      "limit_used": 10,
      "max_depth_used": 1,
      "pages_considered": 2,
      "pages_accepted": 1,
      "snippets_total": 2,
      "db_pages_inserted": 0,
      "db_chunks_inserted": 0
    },
    {
      "name": "Reuters Business",
      "url": "https://www.reuters.com/markets/asia/",
      "section": "news_analysis",
      "limit_used": 15,
      "max_depth_used": 1,
      "pages_considered": 16,
      "pages_accepted": 1,
      "snippets_total": 6,
      "db_pages_inserted": 0,
      "db_chunks_inserted": 0
    },
    {
      "name": "Bloomberg Technology Asia",
      "url": "https://www.bloomberg.com/asia/technology",
      "section": "news_analysis",
      "limit_used": 10,
      "max_depth_used": 1,
      "pages_considered": 2,
      "pages_accepted": 1,
      "snippets_total": 1,
      "db_pages_inserted": 0,
      "db_chunks_inserted": 0
    },
    {
      "name": "Nikkei Asia Tech",
      "url": "https://asia.nikkei.com/Business/Technology",
      "section": "news_analysis",
      "limit_used": 10,
      "max_depth_used": 1,
      "pages_considered": 1,
      "pages_accepted": 1,
      "snippets_total": 15,
      "db_pages_inserted": 0,
      "db_chunks_inserted": 0
    },
    {
      "name": "Tech in Asia",
      "url": "https://www.techinasia.com/",
      "section": "news_analysis",
      "limit_used": 15,
      "max_depth_used": 1,
      "pages_considered": 16,
      "pages_accepted": 1,
      "snippets_total": 6,
      "db_pages_inserted": 0,
      "db_chunks_inserted": 0
    },
    {
      "name": "DealStreetAsia",
      "url": "https://www.dealstreetasia.com/sections/technology/",
      "section": "news_analysis",
      "limit_used": 10,
      "max_depth_used": 1,
      "pages_considered": 1,
      "pages_accepted": 0,
      "snippets_total": 0,
      "db_pages_inserted": 0,
      "db_chunks_inserted": 0
    },
    {
      "name": "DealStreetAsia \u2014 SEA Startup Funding Report H1 2025",
      "url": "https://www.dealstreetasia.com/reports/southeast-asia-startup-funding-report-h1-2025",
      "section": "news_analysis",
      "limit_used": 6,
      "max_depth_used": 1,
      "pages_considered": 2,
      "pages_accepted": 1,
      "snippets_total": 2,
      "db_pages_inserted": 0,
      "db_chunks_inserted": 0
    },
    {
      "name": "DealStreetAsia \u2014 Data Vantage: Sinbad\u2013Tjufoo merger",
      "url": "https://www.dealstreetasia.com/stories/data-vantage-sinbad-tjufoo-456272/",
      "section": "news_analysis",
      "limit_used": 4,
      "max_depth_used": 1,
      "pages_considered": 1,
      "pages_accepted": 1,
      "snippets_total": 2,
      "db_pages_inserted": 0,
      "db_chunks_inserted": 0
    },
    {
      "name": "DealStreetAsia \u2014 Temasek injects capital into GenZero",
      "url": "https://www.dealstreetasia.com/stories/temaseks-capital-injection-into-genzero-456658/",
      "section": "news_analysis",
      "limit_used": 4,
      "max_depth_used": 1,
      "pages_considered": 1,
      "pages_accepted": 1,
      "snippets_total": 3,
      "db_pages_inserted": 0,
      "db_chunks_inserted": 0
    },
    {
      "name": "DealStreetAsia \u2014 SE Asia VC Funds Review H1 2025",
      "url": "https://www.dealstreetasia.com/reports/se-asia-vc-funds-h1-2025-review",
      "section": "news_analysis",
      "limit_used": 4,
      "max_depth_used": 1,
      "pages_considered": 2,
      "pages_accepted": 1,
      "snippets_total": 2,
      "db_pages_inserted": 0,
      "db_chunks_inserted": 0
    },
    {
      "name": "TechEDT \u2014 SEA startup funding sinks to six-year low",
      "url": "https://www.techedt.com/southeast-asia-startup-funding-sinks-to-six-year-low-as-investors-turn-selective",
      "section": "news_analysis",
      "limit_used": 3,
      "max_depth_used": 1,
      "pages_considered": 2,
      "pages_accepted": 1,
      "snippets_total": 40,
      "db_pages_inserted": 0,
      "db_chunks_inserted": 0
    },
    {
      "name": "CSIS",
      "url": "https://www.csis.org/regions/asia",
      "section": "think_tanks",
      "limit_used": 10,
      "max_depth_used": 1,
      "pages_considered": 11,
      "pages_accepted": 1,
      "snippets_total": 20,
      "db_pages_inserted": 0,
      "db_chunks_inserted": 0
    },
    {
      "name": "Brookings (Global China & Asia)",
      "url": "https://www.brookings.edu/topic/china/",
      "section": "think_tanks",
      "limit_used": 10,
      "max_depth_used": 1,
      "pages_considered": 1,
      "pages_accepted": 1,
      "snippets_total": 4,
      "db_pages_inserted": 0,
      "db_chunks_inserted": 0
    },
    {
      "name": "Carnegie Endowment (Asia)",
      "url": "https://carnegieendowment.org/regions/asia",
      "section": "think_tanks",
      "limit_used": 10,
      "max_depth_used": 1,
      "pages_considered": 2,
      "pages_accepted": 1,
      "snippets_total": 3,
      "db_pages_inserted": 0,
      "db_chunks_inserted": 0
    },
    {
      "name": "Chatham House (Asia-Pacific)",
      "url": "https://www.chathamhouse.org/regions/asia-pacific",
      "section": "think_tanks",
      "limit_used": 10,
      "max_depth_used": 1,
      "pages_considered": 11,
      "pages_accepted": 1,
      "snippets_total": 19,
      "db_pages_inserted": 0,
      "db_chunks_inserted": 0
    },
    {
      "name": "Peterson Institute (PIIE)",
      "url": "https://www.piie.com/research",
      "section": "think_tanks",
      "limit_used": 8,
      "max_depth_used": 1,
      "pages_considered": 9,
      "pages_accepted": 1,
      "snippets_total": 3,
      "db_pages_inserted": 0,
      "db_chunks_inserted": 0
    },
    {
      "name": "US Treasury (Press)",
      "url": "https://home.treasury.gov/news/press-releases",
      "section": "official_data",
      "limit_used": 10,
      "max_depth_used": 1,
      "pages_considered": 11,
      "pages_accepted": 1,
      "snippets_total": 2,
      "db_pages_inserted": 0,
      "db_chunks_inserted": 0
    },
    {
      "name": "BIS (Publications)",
      "url": "https://www.bis.org/list/publications.htm",
      "section": "official_data",
      "limit_used": 10,
      "max_depth_used": 1,
      "pages_considered": 2,
      "pages_accepted": 1,
      "snippets_total": 1,
      "db_pages_inserted": 0,
      "db_chunks_inserted": 0
    },
    {
      "name": "IMF (News)",
      "url": "https://www.imf.org/en/News",
      "section": "official_data",
      "limit_used": 12,
      "max_depth_used": 1,
      "pages_considered": 13,
      "pages_accepted": 1,
      "snippets_total": 11,
      "db_pages_inserted": 0,
      "db_chunks_inserted": 0
    },
    {
      "name": "World Bank (East Asia & Pacific)",
      "url": "https://www.worldbank.org/en/region/eap/publications",
      "section": "official_data",
      "limit_used": 10,
      "max_depth_used": 1,
      "pages_considered": 1,
      "pages_accepted": 0,
      "snippets_total": 0,
      "db_pages_inserted": 0,
      "db_chunks_inserted": 0
    },
    {
      "name": "ASEAN Secretariat (News)",
      "url": "https://asean.org/news/",
      "section": "official_data",
      "limit_used": 10,
      "max_depth_used": 1,
      "pages_considered": 2,
      "pages_accepted": 1,
      "snippets_total": 18,
      "db_pages_inserted": 0,
      "db_chunks_inserted": 0
    },
    {
      "name": "Semianalysis",
      "url": "https://www.semianalysis.com/archive",
      "section": "specialist",
      "limit_used": 10,
      "max_depth_used": 1,
      "pages_considered": 11,
      "pages_accepted": 1,
      "snippets_total": 10,
      "db_pages_inserted": 0,
      "db_chunks_inserted": 0
    },
    {
      "name": "The Ken (SEA)",
      "url": "https://the-ken.com/sea/",
      "section": "specialist",
      "limit_used": 8,
      "max_depth_used": 1,
      "pages_considered": 9,
      "pages_accepted": 1,
      "snippets_total": 14,
      "db_pages_inserted": 0,
      "db_chunks_inserted": 0
    },
    {
      "name": "DealStreetAsia Medium \u2014 Data Vantage (Zenith Learning FY24, etc.)",
      "url": "https://dealstreetasia.medium.com/data-vantage-zenith-learnings-fy24-financials-and-other-updates-cdf222914a81",
      "section": "specialist",
      "limit_used": 3,
      "max_depth_used": 1,
      "pages_considered": 2,
      "pages_accepted": 1,
      "snippets_total": 6,
      "db_pages_inserted": 0,
      "db_chunks_inserted": 0
    },
    {
      "name": "PolicyEdge \u2014 ASEAN Framework Agreement on Competition (AFAC)",
      "url": "https://www.policyedge.in/p/asean-signs-framework-agreement-to",
      "section": "specialist",
      "limit_used": 3,
      "max_depth_used": 1,
      "pages_considered": 2,
      "pages_accepted": 1,
      "snippets_total": 2,
      "db_pages_inserted": 0,
      "db_chunks_inserted": 0
    },
    {
      "name": "MAS (Singapore) News",
      "url": "https://www.mas.gov.sg/news",
      "section": "regional_gov",
      "limit_used": 10,
      "max_depth_used": 1,
      "pages_considered": 11,
      "pages_accepted": 1,
      "snippets_total": 4,
      "db_pages_inserted": 0,
      "db_chunks_inserted": 0
    },
    {
      "name": "IMDA (Singapore) Press",
      "url": "https://www.imda.gov.sg/resources/press-releases-factsheets-and-speeches",
      "section": "regional_gov",
      "limit_used": 10,
      "max_depth_used": 1,
      "pages_considered": 11,
      "pages_accepted": 1,
      "snippets_total": 4,
      "db_pages_inserted": 0,
      "db_chunks_inserted": 0
    }
  ]
}